{
"vfeff": "Feff8L (EXAFS)",
"vf85e": " 0.1",
"ntitle": 15,
"title": [
    "comment: None given                            Feff8L (EXAFS)       0.1",
    "Source:",
    "Structure Summary:  Fe2 O2",
    "Reduced formula:  FeO",
    "space group: (Fm-3m), space number:  (225)",
    "abc:  4.258326   3.015442   4.264480",
    "angles: 45.000000  90.000000  90.000000",
    "sites: 4",
    "mp-18905",
    "POT  Non-SCF, core-hole, AFOLP (folp(0)= 1.150)",
    "Abs   Z=26 Rmt= 1.357 Rnm= 1.418 K  shell",
    "Pot 1 Z=26 Rmt= 1.364 Rnm= 1.425",
    "Pot 2 Z= 8 Rmt= 1.020 Rnm= 1.067",
    "Gam_ch=1.309E+00 H-L exch",
    "Mu=-3.584E+00 kf=2.218E+00 Vint=-2.233E+01 Rs_int= 1.635"
  ],
"s02": 0.9411979606977590E+000,
"erelax": 0.2415949813005269E+001,
"wp": 0.8285644930442995E+000,
"edge": -0.1317042978025155E+000,
"emu": 0.2615619793189962E+003,
"gamach": 0.1308926501256764E+001,
"ne": 79,
"ne1": 59,
"ik0": 1,
"ereal": [
    -0.3583856487997287E+001,
    -0.3545756667185847E+001,
    -0.3431457204751525E+001,
    -0.3240958100694322E+001,
    -0.2974259355014238E+001,
    -0.2631360967711272E+001,
    -0.2212262938785425E+001,
    -0.1716965268236698E+001,
    -0.1145467956065089E+001,
    -0.4977710022705991E+000,
    0.2261255931467724E+000,
    0.1026221830187025E+001,
    0.1902517708850160E+001,
    0.2855013229136175E+001,
    0.3883708391045070E+001,
    0.4988603194576847E+001,
    0.6169697639731505E+001,
    0.7426991726509045E+001,
    0.8760485454909466E+001,
    0.1017017882493277E+002,
    0.1165607183657895E+002,
    0.1485645678473996E+002,
    0.1836164029939249E+002,
    0.2217162238053656E+002,
    0.2628640302817214E+002,
    0.3070598224229925E+002,
    0.3543036002291788E+002,
    0.4045953637002804E+002,
    0.4579351128362973E+002,
    0.5143228476372293E+002,
    0.5737585681030767E+002,
    0.6362422742338391E+002,
    0.7017739660295173E+002,
    0.7703536434901100E+002,
    0.8419813066156188E+002,
    0.9166569554060419E+002,
    0.9943805898613810E+002,
    0.1075152209981635E+003,
    0.1158971815766805E+003,
    0.1245839407216889E+003,
    0.1335754984331889E+003,
    0.1573878864403393E+003,
    0.1831052654880617E+003,
    0.2107276355763561E+003,
    0.2402549967052225E+003,
    0.2716873488746610E+003,
    0.3050246920846716E+003,
    0.3402670263352541E+003,
    0.3774143516264086E+003,
    0.4574239753304340E+003,
    0.5450535631967474E+003,
    0.6403031152253487E+003,
    0.7431726314162385E+003,
    0.8536621117694162E+003,
    0.9717715562848821E+003,
    0.1097500964962636E+004,
    0.1230850337802678E+004,
    0.1371819674805008E+004,
    0.1520408975969626E+004,
    -0.3583856487997287E+001,
    -0.3583856487997287E+001,
    -0.3583856487997287E+001,
    -0.3583856487997287E+001,
    -0.3583856487997287E+001,
    -0.3583856487997287E+001,
    -0.3583856487997287E+001,
    -0.3583856487997287E+001,
    -0.3583856487997287E+001,
    -0.3583856487997287E+001,
    -0.3583856487997287E+001,
    -0.3583856487997287E+001,
    -0.3583856487997287E+001,
    -0.3583856487997287E+001,
    -0.3583856487997287E+001,
    -0.3583856487997287E+001,
    -0.3583856487997287E+001,
    -0.3583856487997287E+001,
    -0.3583856487997287E+001,
    -0.3583856487997287E+001
  ],
"eimag": [
    0.6544632506283820E+000,
    0.6544632506283820E+000,
    0.6544632506283820E+000,
    0.6544632506283820E+000,
    0.6544632506283820E+000,
    0.6544632506283820E+000,
    0.6544632506283820E+000,
    0.6544632506283820E+000,
    0.6544632506283820E+000,
    0.6544632506283820E+000,
    0.6544632506283820E+000,
    0.6544632506283820E+000,
    0.6544632506283820E+000,
    0.6544632506283820E+000,
    0.6544632506283820E+000,
    0.6544632506283820E+000,
    0.6544632506283820E+000,
    0.6544632506283820E+000,
    0.6544632506283820E+000,
    0.6544632506283820E+000,
    0.6544632506283820E+000,
    0.6544632506283820E+000,
    0.6544632506283820E+000,
    0.6544632506283820E+000,
    0.6544632506283820E+000,
    0.6544632506283820E+000,
    0.6544632506283820E+000,
    0.6544632506283820E+000,
    0.6544632506283820E+000,
    0.6544632506283820E+000,
    0.6544632506283820E+000,
    0.6544632506283820E+000,
    0.6544632506283820E+000,
    0.6544632506283820E+000,
    0.6544632506283820E+000,
    0.6544632506283820E+000,
    0.6544632506283820E+000,
    0.6544632506283820E+000,
    0.6544632506283820E+000,
    0.6544632506283820E+000,
    0.6544632506283820E+000,
    0.6544632506283820E+000,
    0.6544632506283820E+000,
    0.6544632506283820E+000,
    0.6544632506283820E+000,
    0.6544632506283820E+000,
    0.6544632506283820E+000,
    0.6544632506283820E+000,
    0.6544632506283820E+000,
    0.6544632506283820E+000,
    0.6544632506283820E+000,
    0.6544632506283820E+000,
    0.6544632506283820E+000,
    0.6544632506283820E+000,
    0.6544632506283820E+000,
    0.6544632506283820E+000,
    0.6544632506283820E+000,
    0.6544632506283820E+000,
    0.6544632506283820E+000,
    0.5000000000000000E-002,
    0.1000000000000000E-001,
    0.1435283327037411E-001,
    0.2141191115387143E-001,
    0.3194281788304599E-001,
    0.4765308463018525E-001,
    0.7109004857009996E-001,
    0.1060538902133926E+000,
    0.1582138127012749E+000,
    0.2360272732957520E+000,
    0.3521113156195287E+000,
    0.5252883569601733E+000,
    0.7836381442965901E+000,
    0.1169050737675427E+001,
    0.1744018763259949E+001,
    0.2601770264180974E+001,
    0.3881385137693830E+001,
    0.5790346209469416E+001,
    0.8638181483179990E+001,
    0.1288665247931541E+002
  ],
"xsnorm": [
    0.2698344942284047E-003,
    0.2701050541887104E-003,
    0.2709092965565076E-003,
    0.2722302147938564E-003,
    0.2740389371022637E-003,
    0.2762969874291595E-003,
    0.2789559854023948E-003,
    0.2819581093618972E-003,
    0.2852403561773367E-003,
    0.2887323755881723E-003,
    0.2923595217654428E-003,
    0.2960449783944328E-003,
    0.2997077963681323E-003,
    0.3032673035572623E-003,
    0.3066434376361932E-003,
    0.3097576792553928E-003,
    0.3125344198337485E-003,
    0.3149034224416591E-003,
    0.3168025264830651E-003,
    0.3181786513580011E-003,
    0.3189907310134658E-003,
    0.3188085572326142E-003,
    0.3138581938043832E-003,
    0.3167281740386413E-003,
    0.3220020068283731E-003,
    0.3227136124809751E-003,
    0.3227342123615431E-003,
    0.3224077801529625E-003,
    0.3216945890733380E-003,
    0.3212668029881808E-003,
    0.3209467225235057E-003,
    0.3208997006533549E-003,
    0.3211086106644073E-003,
    0.3215256850344970E-003,
    0.3219152721745635E-003,
    0.3222310431374950E-003,
    0.3224602382362231E-003,
    0.3222892854532089E-003,
    0.3218000929065018E-003,
    0.3209846417197699E-003,
    0.3197499539516983E-003,
    0.3155208056045637E-003,
    0.3106193450102561E-003,
    0.3060083683211893E-003,
    0.3016253745830226E-003,
    0.2982331505383452E-003,
    0.2951578363509621E-003,
    0.2920762489605175E-003,
    0.2887489381226773E-003,
    0.2816499225262623E-003,
    0.2736460876564192E-003,
    0.2650317399479959E-003,
    0.2561060845744825E-003,
    0.2467513631568467E-003,
    0.2372680330347332E-003,
    0.2276000455464840E-003,
    0.2180023019210016E-003,
    0.2083860099563149E-003,
    0.1989157419665106E-003,
    0.2696307078863305E-003,
    0.2696307435860363E-003,
    0.2696307940416063E-003,
    0.2696309142123562E-003,
    0.2696311816545271E-003,
    0.2696317768573197E-003,
    0.2696331015018879E-003,
    0.2696360495274833E-003,
    0.2696426097656050E-003,
    0.2696572106175568E-003,
    0.2696897026618073E-003,
    0.2697620012095388E-003,
    0.2699228363910385E-003,
    0.2702804441491140E-003,
    0.2710746463839002E-003,
    0.2728339480222446E-003,
    0.2767089626666955E-003,
    0.2851371392893094E-003,
    0.3029642105273835E-003,
    0.3383818671403735E-003
  ],