{
"vfeff": "Feff8L (EXAFS)",
"vf85e": " 0.1",
"ntitle": 14,
"title": [
    "comment: None given                            Feff8L (EXAFS)       0.1",
    "Source:",
    "Structure Summary:  Cu1",
    "Reduced formula:  Cu",
    "space group: (Fm-3m), space number:  (225)",
    "abc:  2.529625   2.529626   2.529625",
    "angles: 60.000012  60.000004  60.000003",
    "sites: 1",
    "mp-30",
    "POT  Non-SCF, core-hole, AFOLP (folp(0)= 1.150)",
    "Abs   Z=29 Rmt= 1.435 Rnm= 1.488 K  shell",
    "Pot 1 Z=29 Rmt= 1.342 Rnm= 1.379",
    "Gam_ch=1.729E+00 H-L exch",
    "Mu=-4.000E+00 kf=1.839E+00 Vint=-1.688E+01 Rs_int= 1.973"
  ],
"s02": 0.9503177829063078E+000,
"erelax": 0.2393843680482562E+001,
"wp": 0.6252196762989684E+000,
"edge": -0.1470045356459136E+000,
"emu": 0.3303224689154791E+003,
"gamach": 0.1729188184905790E+001,
"ne": 80,
"ne1": 59,
"ik0": 1,
"ereal": [
    -0.4000197166151806E+001,
    -0.3962097345340366E+001,
    -0.3847797882906044E+001,
    -0.3657298778848841E+001,
    -0.3390600033168757E+001,
    -0.3047701645865791E+001,
    -0.2628603616939944E+001,
    -0.2133305946391217E+001,
    -0.1561808634219608E+001,
    -0.9141116804251177E+000,
    -0.1902150850077463E+000,
    0.6098811520325059E+000,
    0.1486177030695641E+001,
    0.2438672550981656E+001,
    0.3467367712890552E+001,
    0.4572262516422329E+001,
    0.5753356961576987E+001,
    0.7010651048354527E+001,
    0.8344144776754948E+001,
    0.9753838146778248E+001,
    0.1123973115842443E+002,
    0.1444011610658544E+002,
    0.1794529962123798E+002,
    0.2175528170238204E+002,
    0.2587006235001763E+002,
    0.3028964156414473E+002,
    0.3501401934476337E+002,
    0.4004319569187352E+002,
    0.4537717060547521E+002,
    0.5101594408556841E+002,
    0.5695951613215315E+002,
    0.6320788674522939E+002,
    0.6976105592479720E+002,
    0.7661902367085649E+002,
    0.8378178998340735E+002,
    0.9124935486244966E+002,
    0.9902171830798358E+002,
    0.1070988803200089E+003,
    0.1154808408985259E+003,
    0.1241676000435343E+003,
    0.1331591577550344E+003,
    0.1569715457621847E+003,
    0.1826889248099071E+003,
    0.2103112948982016E+003,
    0.2398386560270680E+003,
    0.2712710081965066E+003,
    0.3046083514065170E+003,
    0.3398506856570996E+003,
    0.3769980109482541E+003,
    0.4570076346522795E+003,
    0.5446372225185929E+003,
    0.6398867745471942E+003,
    0.7427562907380840E+003,
    0.8532457710912618E+003,
    0.9713552156067276E+003,
    0.1097084624284482E+004,
    0.1230433997124524E+004,
    0.1371403334126854E+004,
    0.1519992635291472E+004,
    -0.4000197166151806E+001,
    -0.4000197166151806E+001,
    -0.4000197166151806E+001,
    -0.4000197166151806E+001,
    -0.4000197166151806E+001,
    -0.4000197166151806E+001,
    -0.4000197166151806E+001,
    -0.4000197166151806E+001,
    -0.4000197166151806E+001,
    -0.4000197166151806E+001,
    -0.4000197166151806E+001,
    -0.4000197166151806E+001,
    -0.4000197166151806E+001,
    -0.4000197166151806E+001,
    -0.4000197166151806E+001,
    -0.4000197166151806E+001,
    -0.4000197166151806E+001,
    -0.4000197166151806E+001,
    -0.4000197166151806E+001,
    -0.4000197166151806E+001,
    -0.4000197166151806E+001
  ],
"eimag": [
    0.8645940924528950E+000,
    0.8645940924528950E+000,
    0.8645940924528950E+000,
    0.8645940924528950E+000,
    0.8645940924528950E+000,
    0.8645940924528950E+000,
    0.8645940924528950E+000,
    0.8645940924528950E+000,
    0.8645940924528950E+000,
    0.8645940924528950E+000,
    0.8645940924528950E+000,
    0.8645940924528950E+000,
    0.8645940924528950E+000,
    0.8645940924528950E+000,
    0.8645940924528950E+000,
    0.8645940924528950E+000,
    0.8645940924528950E+000,
    0.8645940924528950E+000,
    0.8645940924528950E+000,
    0.8645940924528950E+000,
    0.8645940924528950E+000,
    0.8645940924528950E+000,
    0.8645940924528950E+000,
    0.8645940924528950E+000,
    0.8645940924528950E+000,
    0.8645940924528950E+000,
    0.8645940924528950E+000,
    0.8645940924528950E+000,
    0.8645940924528950E+000,
    0.8645940924528950E+000,
    0.8645940924528950E+000,
    0.8645940924528950E+000,
    0.8645940924528950E+000,
    0.8645940924528950E+000,
    0.8645940924528950E+000,
    0.8645940924528950E+000,
    0.8645940924528950E+000,
    0.8645940924528950E+000,
    0.8645940924528950E+000,
    0.8645940924528950E+000,
    0.8645940924528950E+000,
    0.8645940924528950E+000,
    0.8645940924528950E+000,
    0.8645940924528950E+000,
    0.8645940924528950E+000,
    0.8645940924528950E+000,
    0.8645940924528950E+000,
    0.8645940924528950E+000,
    0.8645940924528950E+000,
    0.8645940924528950E+000,
    0.8645940924528950E+000,
    0.8645940924528950E+000,
    0.8645940924528950E+000,
    0.8645940924528950E+000,
    0.8645940924528950E+000,
    0.8645940924528950E+000,
    0.8645940924528950E+000,
    0.8645940924528950E+000,
    0.8645940924528950E+000,
    0.5000000000000000E-002,
    0.1000000000000000E-001,
    0.1271003790731334E-001,
    0.1896114845808680E-001,
    0.2828670956541659E-001,
    0.4219881194469403E-001,
    0.6295322987021398E-001,
    0.9391518311667335E-001,
    0.1401049896569558E+000,
    0.2090120838330214E+000,
    0.3118093887675690E+000,
    0.4651649471198879E+000,
    0.6939445565904441E+000,
    0.1035243628315345E+001,
    0.1544402012796592E+001,
    0.2303977065776844E+001,
    0.3437129889524962E+001,
    0.5127595258194347E+001,
    0.7649473245682595E+001,
    0.1141167311185543E+002,
    0.1702421578967473E+002
  ],
"xsnorm": [
    0.2353318717635806E-003,
    0.2355087129611089E-003,
    0.2360264578099974E-003,
    0.2368513083536216E-003,
    0.2379277294499540E-003,
    0.2391865815246538E-003,
    0.2405471836772849E-003,
    0.2419252387580098E-003,
    0.2432377667709969E-003,
    0.2444091777620318E-003,
    0.2453756351973831E-003,
    0.2460871856866904E-003,
    0.2465110415388443E-003,
    0.2466303985861830E-003,
    0.2464445597725019E-003,
    0.2459675552811559E-003,
    0.2452257651137976E-003,
    0.2442562697363471E-003,
    0.2431045625262872E-003,
    0.2418241068169097E-003,
    0.2404706095712901E-003,
    0.2366657511283601E-003,
    0.2367526025902532E-003,
    0.2369877568288210E-003,
    0.2382392464027404E-003,
    0.2403652553983568E-003,
    0.2424345290217801E-003,
    0.2447552754926295E-003,
    0.2469770024515025E-003,
    0.2489226761425695E-003,
    0.2505908826610746E-003,
    0.2517507432202047E-003,
    0.2522907459131948E-003,
    0.2524269964450394E-003,
    0.2522275778049708E-003,
    0.2516316564836437E-003,
    0.2509677830082859E-003,
    0.2503999090784778E-003,
    0.2498636538761001E-003,
    0.2494939723056989E-003,
    0.2492764080161655E-003,
    0.2490065764024342E-003,
    0.2479953964484903E-003,
    0.2453410930592945E-003,
    0.2416546361276303E-003,
    0.2380792589867267E-003,
    0.2352833760627132E-003,
    0.2330356847809512E-003,
    0.2307678938606275E-003,
    0.2256927821098397E-003,
    0.2211757337131127E-003,
    0.2156720248635208E-003,
    0.2097239922219664E-003,
    0.2038247075549964E-003,
    0.1973156189185138E-003,
    0.1909304681009254E-003,
    0.1843448711407368E-003,
    0.1776492249021955E-003,
    0.1709742196144031E-003,
    0.2347123949472461E-003,
    0.2347124573411464E-003,
    0.2347125085418545E-003,
    0.2347126732451610E-003,
    0.2347130397975019E-003,
    0.2347138557161107E-003,
    0.2347156712200700E-003,
    0.2347197115524171E-003,
    0.2347287027549183E-003,
    0.2347487094774349E-003,
    0.2347932175376438E-003,
    0.2348921843430964E-003,
    0.2351120045545862E-003,
    0.2355990710597880E-003,
    0.2366723925430581E-003,
    0.2390082610709742E-003,
    0.2439451953094718E-003,
    0.2536489803152438E-003,
    0.2692485010750538E-003,
    0.2812127611428372E-003,
    0.2628541578858806E-003
  ],