{
"vfeff": "Feff8L (EXAFS)",
"vf85e": " 0.1",
"ntitle": 14,
"title": [
    "comment: None given                            Feff8L (EXAFS)       0.1",
    "Source:",
    "Structure Summary:  Fe1",
    "Reduced formula:  Fe",
    "space group: (Fm-3m), space number:  (225)",
    "abc:  2.584865   2.584866   2.584864",
    "angles: 59.999990  59.999984  60.000004",
    "sites: 1",
    "mp-150",
    "POT  Non-SCF, core-hole, AFOLP (folp(0)= 1.150)",
    "Abs   Z=26 Rmt= 1.375 Rnm= 1.413 K  shell",
    "Pot 1 Z=26 Rmt= 1.384 Rnm= 1.423",
    "Gam_ch=1.309E+00 H-L exch",
    "Mu=-1.168E+01 kf=2.002E+00 Vint=-2.695E+01 Rs_int= 1.812"
  ],
"s02": 0.9411979606977590E+000,
"erelax": 0.2415949813005269E+001,
"wp": 0.7101297818973529E+000,
"edge": -0.4293770512135454E+000,
"emu": 0.2616868093799897E+003,
"gamach": 0.1308926501256764E+001,
"ne": 79,
"ne1": 59,
"ik0": 1,
"ereal": [
    -0.1168394468870109E+002,
    -0.1164584486788965E+002,
    -0.1153154540545533E+002,
    -0.1134104630139813E+002,
    -0.1107434755571804E+002,
    -0.1073144916841508E+002,
    -0.1031235113948923E+002,
    -0.9817053468940502E+001,
    -0.9245556156768894E+001,
    -0.8597859202974403E+001,
    -0.7873962607557032E+001,
    -0.7073866370516780E+001,
    -0.6197570491853645E+001,
    -0.5245074971567630E+001,
    -0.4216379809658734E+001,
    -0.3111485006126957E+001,
    -0.1930390560972299E+001,
    -0.6730964741947588E+000,
    0.6603972542056621E+000,
    0.2070090624228962E+001,
    0.3555983635875148E+001,
    0.6756368584036156E+001,
    0.1026155209868869E+002,
    0.1407153417983276E+002,
    0.1818631482746834E+002,
    0.2260589404159545E+002,
    0.2733027182221408E+002,
    0.3235944816932424E+002,
    0.3769342308292592E+002,
    0.4333219656301912E+002,
    0.4927576860960387E+002,
    0.5552413922268011E+002,
    0.6207730840224792E+002,
    0.6893527614830721E+002,
    0.7609804246085807E+002,
    0.8356560733990038E+002,
    0.9133797078543429E+002,
    0.9941513279745966E+002,
    0.1077970933759766E+003,
    0.1164838525209851E+003,
    0.1254754102324851E+003,
    0.1492877982396355E+003,
    0.1750051772873578E+003,
    0.2026275473756523E+003,
    0.2321549085045187E+003,
    0.2635872606739572E+003,
    0.2969246038839678E+003,
    0.3321669381345503E+003,
    0.3693142634257048E+003,
    0.4493238871297302E+003,
    0.5369534749960435E+003,
    0.6322030270246449E+003,
    0.7350725432155346E+003,
    0.8455620235687124E+003,
    0.9636714680841783E+003,
    0.1089400876761933E+004,
    0.1222750249601974E+004,
    0.1363719586604305E+004,
    0.1512308887768923E+004,
    -0.1168394468870109E+002,
    -0.1168394468870109E+002,
    -0.1168394468870109E+002,
    -0.1168394468870109E+002,
    -0.1168394468870109E+002,
    -0.1168394468870109E+002,
    -0.1168394468870109E+002,
    -0.1168394468870109E+002,
    -0.1168394468870109E+002,
    -0.1168394468870109E+002,
    -0.1168394468870109E+002,
    -0.1168394468870109E+002,
    -0.1168394468870109E+002,
    -0.1168394468870109E+002,
    -0.1168394468870109E+002,
    -0.1168394468870109E+002,
    -0.1168394468870109E+002,
    -0.1168394468870109E+002,
    -0.1168394468870109E+002,
    -0.1168394468870109E+002
  ],
"eimag": [
    0.6544632506283820E+000,
    0.6544632506283820E+000,
    0.6544632506283820E+000,
    0.6544632506283820E+000,
    0.6544632506283820E+000,
    0.6544632506283820E+000,
    0.6544632506283820E+000,
    0.6544632506283820E+000,
    0.6544632506283820E+000,
    0.6544632506283820E+000,
    0.6544632506283820E+000,
    0.6544632506283820E+000,
    0.6544632506283820E+000,
    0.6544632506283820E+000,
    0.6544632506283820E+000,
    0.6544632506283820E+000,
    0.6544632506283820E+000,
    0.6544632506283820E+000,
    0.6544632506283820E+000,
    0.6544632506283820E+000,
    0.6544632506283820E+000,
    0.6544632506283820E+000,
    0.6544632506283820E+000,
    0.6544632506283820E+000,
    0.6544632506283820E+000,
    0.6544632506283820E+000,
    0.6544632506283820E+000,
    0.6544632506283820E+000,
    0.6544632506283820E+000,
    0.6544632506283820E+000,
    0.6544632506283820E+000,
    0.6544632506283820E+000,
    0.6544632506283820E+000,
    0.6544632506283820E+000,
    0.6544632506283820E+000,
    0.6544632506283820E+000,
    0.6544632506283820E+000,
    0.6544632506283820E+000,
    0.6544632506283820E+000,
    0.6544632506283820E+000,
    0.6544632506283820E+000,
    0.6544632506283820E+000,
    0.6544632506283820E+000,
    0.6544632506283820E+000,
    0.6544632506283820E+000,
    0.6544632506283820E+000,
    0.6544632506283820E+000,
    0.6544632506283820E+000,
    0.6544632506283820E+000,
    0.6544632506283820E+000,
    0.6544632506283820E+000,
    0.6544632506283820E+000,
    0.6544632506283820E+000,
    0.6544632506283820E+000,
    0.6544632506283820E+000,
    0.6544632506283820E+000,
    0.6544632506283820E+000,
    0.6544632506283820E+000,
    0.6544632506283820E+000,
    0.5000000000000000E-002,
    0.1000000000000000E-001,
    0.1435283327037411E-001,
    0.2141191115387143E-001,
    0.3194281788304599E-001,
    0.4765308463018525E-001,
    0.7109004857009996E-001,
    0.1060538902133926E+000,
    0.1582138127012749E+000,
    0.2360272732957520E+000,
    0.3521113156195287E+000,
    0.5252883569601733E+000,
    0.7836381442965901E+000,
    0.1169050737675427E+001,
    0.1744018763259949E+001,
    0.2601770264180974E+001,
    0.3881385137693830E+001,
    0.5790346209469416E+001,
    0.8638181483179990E+001,
    0.1288665247931541E+002
  ],
"xsnorm": [
    0.2426078970435528E-003,
    0.2429578712760127E-003,
    0.2439992542050463E-003,
    0.2457100018353265E-003,
    0.2480526393926116E-003,
    0.2509766609595488E-003,
    0.2544193958589368E-003,
    0.2583069333894109E-003,
    0.2625565206506276E-003,
    0.2670783532332471E-003,
    0.2717769122740592E-003,
    0.2765538069315950E-003,
    0.2813087478751804E-003,
    0.2859435843560013E-003,
    0.2903631893695420E-003,
    0.2944785752107700E-003,
    0.2982091500341820E-003,
    0.3014853969437461E-003,
    0.3042522026228307E-003,
    0.3064694791587006E-003,
    0.3081157827456777E-003,
    0.3092116262160569E-003,
    0.3082749131345778E-003,
    0.3122077324156508E-003,
    0.3150216741919114E-003,
    0.3171985553443005E-003,
    0.3189831409848898E-003,
    0.3198655086030659E-003,
    0.3207455303685138E-003,
    0.3213094449355183E-003,
    0.3219342053798377E-003,
    0.3225250336439585E-003,
    0.3230327232833570E-003,
    0.3233453415897112E-003,
    0.3235652110177368E-003,
    0.3235577609029602E-003,
    0.3231764736798546E-003,
    0.3226121246135891E-003,
    0.3217428260979434E-003,
    0.3205890888673839E-003,
    0.3192605393708822E-003,
    0.3152988327725020E-003,
    0.3110221136528174E-003,
    0.3065654099648584E-003,
    0.3020378264580678E-003,
    0.2982019740838484E-003,
    0.2950916669734866E-003,
    0.2921883221452483E-003,
    0.2890367157275306E-003,
    0.2817681384448174E-003,
    0.2737879210230443E-003,
    0.2652024572204101E-003,
    0.2562060974860365E-003,
    0.2469199153307822E-003,
    0.2373626888132297E-003,
    0.2277283196497785E-003,
    0.2181145864117160E-003,
    0.2084788323198606E-003,
    0.1990220207392673E-003,
    0.2423184120289850E-003,
    0.2423184627484863E-003,
    0.2423185344314090E-003,
    0.2423187051580754E-003,
    0.2423190851184678E-003,
    0.2423199307355435E-003,
    0.2423218126801477E-003,
    0.2423260009795184E-003,
    0.2423353219890861E-003,
    0.2423560652054276E-003,
    0.2424022246514135E-003,
    0.2425049276900891E-003,
    0.2427333651607228E-003,
    0.2432411076131718E-003,
    0.2443678758953621E-003,
    0.2468596338486047E-003,
    0.2523272675307272E-003,
    0.2641204634958032E-003,
    0.2886035346302019E-003,
    0.3351629924902230E-003
  ],