{
"vfeff": "Feff8L (EXAFS)",
"vf85e": " 0.1",
"ntitle": 15,
"title": [
    "comment: None given                            Feff8L (EXAFS)       0.1",
    "Source:",
    "Structure Summary:  Fe1 N1",
    "Reduced formula:  FeN",
    "space group: (F-43m), space number:  (216)",
    "abc:  2.968644   2.968645   2.968643",
    "angles: 59.999985  59.999973  59.999987",
    "sites: 2",
    "mp-6988",
    "POT  Non-SCF, core-hole, AFOLP (folp(0)= 1.150)",
    "Abs   Z=26 Rmt= 1.146 Rnm= 1.274 K  shell",
    "Pot 1 Z=26 Rmt= 1.149 Rnm= 1.281",
    "Pot 2 Z= 7 Rmt= 0.943 Rnm= 1.050",
    "Gam_ch=1.309E+00 H-L exch",
    "Mu=-2.963E+00 kf=2.438E+00 Vint=-2.562E+01 Rs_int= 1.487"
  ],
"s02": 0.9411979606977590E+000,
"erelax": 0.2415949813005269E+001,
"wp": 0.9548494151800273E+000,
"edge": -0.1088953770071686E+000,
"emu": 0.2615812368976257E+003,
"gamach": 0.1308926501256764E+001,
"ne": 79,
"ne1": 59,
"ik0": 1,
"ereal": [
    -0.2963194139535496E+001,
    -0.2925094318724056E+001,
    -0.2810794856289734E+001,
    -0.2620295752232531E+001,
    -0.2353597006552447E+001,
    -0.2010698619249481E+001,
    -0.1591600590323634E+001,
    -0.1096302919774907E+001,
    -0.5248056076032980E+000,
    0.1228913461911922E+000,
    0.8467879416085636E+000,
    0.1646884178648816E+001,
    0.2523180057311951E+001,
    0.3475675577597966E+001,
    0.4504370739506863E+001,
    0.5609265543038640E+001,
    0.6790359988193297E+001,
    0.8047654074970836E+001,
    0.9381147803371258E+001,
    0.1079084117339456E+002,
    0.1227673418504074E+002,
    0.1547711913320175E+002,
    0.1898230264785429E+002,
    0.2279228472899835E+002,
    0.2690706537663394E+002,
    0.3132664459076105E+002,
    0.3605102237137967E+002,
    0.4108019871848984E+002,
    0.4641417363209152E+002,
    0.5205294711218472E+002,
    0.5799651915876946E+002,
    0.6424488977184571E+002,
    0.7079805895141352E+002,
    0.7765602669747281E+002,
    0.8481879301002367E+002,
    0.9228635788906598E+002,
    0.1000587213345999E+003,
    0.1081358833466253E+003,
    0.1165178439251422E+003,
    0.1252046030701506E+003,
    0.1341961607816507E+003,
    0.1580085487888011E+003,
    0.1837259278365234E+003,
    0.2113482979248179E+003,
    0.2408756590536843E+003,
    0.2723080112231228E+003,
    0.3056453544331334E+003,
    0.3408876886837159E+003,
    0.3780350139748704E+003,
    0.4580446376788958E+003,
    0.5456742255452092E+003,
    0.6409237775738105E+003,
    0.7437932937647001E+003,
    0.8542827741178780E+003,
    0.9723922186333439E+003,
    0.1098121627311098E+004,
    0.1231471000151140E+004,
    0.1372440337153470E+004,
    0.1521029638318088E+004,
    -0.2963194139535496E+001,
    -0.2963194139535496E+001,
    -0.2963194139535496E+001,
    -0.2963194139535496E+001,
    -0.2963194139535496E+001,
    -0.2963194139535496E+001,
    -0.2963194139535496E+001,
    -0.2963194139535496E+001,
    -0.2963194139535496E+001,
    -0.2963194139535496E+001,
    -0.2963194139535496E+001,
    -0.2963194139535496E+001,
    -0.2963194139535496E+001,
    -0.2963194139535496E+001,
    -0.2963194139535496E+001,
    -0.2963194139535496E+001,
    -0.2963194139535496E+001,
    -0.2963194139535496E+001,
    -0.2963194139535496E+001,
    -0.2963194139535496E+001
  ],
"eimag": [
    0.6544632506283820E+000,
    0.6544632506283820E+000,
    0.6544632506283820E+000,
    0.6544632506283820E+000,
    0.6544632506283820E+000,
    0.6544632506283820E+000,
    0.6544632506283820E+000,
    0.6544632506283820E+000,
    0.6544632506283820E+000,
    0.6544632506283820E+000,
    0.6544632506283820E+000,
    0.6544632506283820E+000,
    0.6544632506283820E+000,
    0.6544632506283820E+000,
    0.6544632506283820E+000,
    0.6544632506283820E+000,
    0.6544632506283820E+000,
    0.6544632506283820E+000,
    0.6544632506283820E+000,
    0.6544632506283820E+000,
    0.6544632506283820E+000,
    0.6544632506283820E+000,
    0.6544632506283820E+000,
    0.6544632506283820E+000,
    0.6544632506283820E+000,
    0.6544632506283820E+000,
    0.6544632506283820E+000,
    0.6544632506283820E+000,
    0.6544632506283820E+000,
    0.6544632506283820E+000,
    0.6544632506283820E+000,
    0.6544632506283820E+000,
    0.6544632506283820E+000,
    0.6544632506283820E+000,
    0.6544632506283820E+000,
    0.6544632506283820E+000,
    0.6544632506283820E+000,
    0.6544632506283820E+000,
    0.6544632506283820E+000,
    0.6544632506283820E+000,
    0.6544632506283820E+000,
    0.6544632506283820E+000,
    0.6544632506283820E+000,
    0.6544632506283820E+000,
    0.6544632506283820E+000,
    0.6544632506283820E+000,
    0.6544632506283820E+000,
    0.6544632506283820E+000,
    0.6544632506283820E+000,
    0.6544632506283820E+000,
    0.6544632506283820E+000,
    0.6544632506283820E+000,
    0.6544632506283820E+000,
    0.6544632506283820E+000,
    0.6544632506283820E+000,
    0.6544632506283820E+000,
    0.6544632506283820E+000,
    0.6544632506283820E+000,
    0.6544632506283820E+000,
    0.5000000000000000E-002,
    0.1000000000000000E-001,
    0.1435283327037411E-001,
    0.2141191115387143E-001,
    0.3194281788304599E-001,
    0.4765308463018525E-001,
    0.7109004857009996E-001,
    0.1060538902133926E+000,
    0.1582138127012749E+000,
    0.2360272732957520E+000,
    0.3521113156195287E+000,
    0.5252883569601733E+000,
    0.7836381442965901E+000,
    0.1169050737675427E+001,
    0.1744018763259949E+001,
    0.2601770264180974E+001,
    0.3881385137693830E+001,
    0.5790346209469416E+001,
    0.8638181483179990E+001,
    0.1288665247931541E+002
  ],
"xsnorm": [
    0.2741677040556824E-003,
    0.2743787807882944E-003,
    0.2750084082190848E-003,
    0.2760447463359917E-003,
    0.2774693418504281E-003,
    0.2792567555993806E-003,
    0.2813748231606190E-003,
    0.2837858965527178E-003,
    0.2864475661080380E-003,
    0.2893126055831728E-003,
    0.2923313252293411E-003,
    0.2954510275003201E-003,
    0.2986179426091898E-003,
    0.3017774356940992E-003,
    0.3048755682607998E-003,
    0.3078590309731709E-003,
    0.3106770111197012E-003,
    0.3132814896480160E-003,
    0.3156280885896539E-003,
    0.3176767424749833E-003,
    0.3193922344834452E-003,
    0.3217159607711072E-003,
    0.3224520434486409E-003,
    0.3208811558122255E-003,
    0.3185932700160736E-003,
    0.3201446013253616E-003,
    0.3217808147652529E-003,
    0.3221819238975392E-003,
    0.3222736685957664E-003,
    0.3220276900500560E-003,
    0.3217322715970353E-003,
    0.3212642722304764E-003,
    0.3207859667654362E-003,
    0.3205663438788855E-003,
    0.3204265075919121E-003,
    0.3204303506748908E-003,
    0.3204573201470349E-003,
    0.3204022588371230E-003,
    0.3202691610458870E-003,
    0.3198842172828009E-003,
    0.3192430801233259E-003,
    0.3163359348870658E-003,
    0.3116965662837380E-003,
    0.3062375929787383E-003,
    0.3011938197326883E-003,
    0.2975159022462847E-003,
    0.2949032804582374E-003,
    0.2924122599867589E-003,
    0.2890630463494486E-003,
    0.2812861729618188E-003,
    0.2735499749562634E-003,
    0.2651590896195546E-003,
    0.2558799845612276E-003,
    0.2466524554414326E-003,
    0.2372916714802283E-003,
    0.2275653430551245E-003,
    0.2179202253504002E-003,
    0.2083669126118722E-003,
    0.1988354690163234E-003,
    0.2740364311828288E-003,
    0.2740364541592287E-003,
    0.2740364866326387E-003,
    0.2740365639739897E-003,
    0.2740367360999057E-003,
    0.2740371191730177E-003,
    0.2740379717160377E-003,
    0.2740398690735064E-003,
    0.2740440916653167E-003,
    0.2740534889641515E-003,
    0.2740745036086940E-003,
    0.2741210395470512E-003,
    0.2742245754439285E-003,
    0.2744548417077018E-003,
    0.2749665321042445E-003,
    0.2761014904521615E-003,
    0.2786086060689112E-003,
    0.2840971823343436E-003,
    0.2958805684561144E-003,
    0.3201520577169075E-003
  ],